[{"model": "contenttypes.contenttype", "pk": 1, "fields": {"app_label": "admin", "model": "logentry"}}, {"model": "contenttypes.contenttype", "pk": 2, "fields": {"app_label": "auth", "model": "permission"}}, {"model": "contenttypes.contenttype", "pk": 3, "fields": {"app_label": "auth", "model": "group"}}, {"model": "contenttypes.contenttype", "pk": 4, "fields": {"app_label": "auth", "model": "user"}}, {"model": "contenttypes.contenttype", "pk": 5, "fields": {"app_label": "contenttypes", "model": "contenttype"}}, {"model": "contenttypes.contenttype", "pk": 6, "fields": {"app_label": "sessions", "model": "session"}}, {"model": "contenttypes.contenttype", "pk": 7, "fields": {"app_label": "Letter", "model": "document"}}, {"model": "contenttypes.contenttype", "pk": 8, "fields": {"app_label": "Letter", "model": "professorpreferences"}}, {"model": "contenttypes.contenttype", "pk": 9, "fields": {"app_label": "Letter", "model": "letter"}}, {"model": "contenttypes.contenttype", "pk": 10, "fields": {"app_label": "Letter", "model": "letterdoc"}}, {"model": "contenttypes.contenttype", "pk": 11, "fields": {"app_label": "Letter", "model": "request"}}, {"model": "sessions.session", "pk": "idpa0k1ds76naqpg80p0192676p68vsb", "fields": {"session_data": "MDk1NzFkNTc0MWJkZjE1YzkwOTlmODdmOThmMjlhYmQxMGJkY2E5Mzp7Il9hdXRoX3VzZXJfaWQiOiI2IiwiX2F1dGhfdXNlcl9iYWNrZW5kIjoiZGphbmdvLmNvbnRyaWIuYXV0aC5iYWNrZW5kcy5Nb2RlbEJhY2tlbmQiLCJfYXV0aF91c2VyX2hhc2giOiJhM2FmM2QwYmUyYWIxODc1MGYyZTcwMmJiNWU3ZTkyMzQ4MGMwMWM5In0=", "expire_date": "2019-04-29T23:19:41.216Z"}}, {"model": "sessions.session", "pk": "ndbotlpdwkcpzigg9abqwmwuds4jw2tn", "fields": {"session_data": "ZTM3YTU5OTQ4MTFmZmM0YjI0OTBjMjdhZTAzOTEzNzY0NWM3Y2EyYzp7Il9hdXRoX3VzZXJfaWQiOiIyIiwiX2F1dGhfdXNlcl9iYWNrZW5kIjoiZGphbmdvLmNvbnRyaWIuYXV0aC5iYWNrZW5kcy5Nb2RlbEJhY2tlbmQiLCJfYXV0aF91c2VyX2hhc2giOiJiYmY1NWZmNjJkMjc4YzJhMjE5MDkzNTVmMjcyOGQ4ZmQyY2VmZDQ1In0=", "expire_date": "2019-04-29T23:31:25.423Z"}}, {"model": "sessions.session", "pk": "ou4hoetcilv9z7oxyfxfewgh0tw61sbb", "fields": {"session_data": "NTZkYWY1MzNjYTg4MDczMjBiYjM2NzY5YmU1NWIyYzkyMWRiMDdjYTp7Il9hdXRoX3VzZXJfaWQiOiI0IiwiX2F1dGhfdXNlcl9iYWNrZW5kIjoiZGphbmdvLmNvbnRyaWIuYXV0aC5iYWNrZW5kcy5Nb2RlbEJhY2tlbmQiLCJfYXV0aF91c2VyX2hhc2giOiJkODc5MWM3MzA4ZTZhYWM5MGE2Y2U1ZmU2NDc1YmFiMWJhNGM4NzU0In0=", "expire_date": "2019-04-28T21:20:56.963Z"}}, {"model": "sessions.session", "pk": "w9js34qq5ctiodyv2zmjuaeh8f98k5jh", "fields": {"session_data": "ZTM3YTU5OTQ4MTFmZmM0YjI0OTBjMjdhZTAzOTEzNzY0NWM3Y2EyYzp7Il9hdXRoX3VzZXJfaWQiOiIyIiwiX2F1dGhfdXNlcl9iYWNrZW5kIjoiZGphbmdvLmNvbnRyaWIuYXV0aC5iYWNrZW5kcy5Nb2RlbEJhY2tlbmQiLCJfYXV0aF91c2VyX2hhc2giOiJiYmY1NWZmNjJkMjc4YzJhMjE5MDkzNTVmMjcyOGQ4ZmQyY2VmZDQ1In0=", "expire_date": "2019-04-28T19:30:54.361Z"}}, {"model": "sessions.session", "pk": "wxtpc5omy5c1zy3audz0ddj7y8yfgbxo", "fields": {"session_data": "NTZkYWY1MzNjYTg4MDczMjBiYjM2NzY5YmU1NWIyYzkyMWRiMDdjYTp7Il9hdXRoX3VzZXJfaWQiOiI0IiwiX2F1dGhfdXNlcl9iYWNrZW5kIjoiZGphbmdvLmNvbnRyaWIuYXV0aC5iYWNrZW5kcy5Nb2RlbEJhY2tlbmQiLCJfYXV0aF91c2VyX2hhc2giOiJkODc5MWM3MzA4ZTZhYWM5MGE2Y2U1ZmU2NDc1YmFiMWJhNGM4NzU0In0=", "expire_date": "2019-04-29T22:50:56.687Z"}}, {"model": "auth.permission", "pk": 1, "fields": {"name": "Can add log entry", "content_type": 1, "codename": "add_logentry"}}, {"model": "auth.permission", "pk": 2, "fields": {"name": "Can change log entry", "content_type": 1, "codename": "change_logentry"}}, {"model": "auth.permission", "pk": 3, "fields": {"name": "Can delete log entry", "content_type": 1, "codename": "delete_logentry"}}, {"model": "auth.permission", "pk": 4, "fields": {"name": "Can view log entry", "content_type": 1, "codename": "view_logentry"}}, {"model": "auth.permission", "pk": 5, "fields": {"name": "Can add permission", "content_type": 2, "codename": "add_permission"}}, {"model": "auth.permission", "pk": 6, "fields": {"name": "Can change permission", "content_type": 2, "codename": "change_permission"}}, {"model": "auth.permission", "pk": 7, "fields": {"name": "Can delete permission", "content_type": 2, "codename": "delete_permission"}}, {"model": "auth.permission", "pk": 8, "fields": {"name": "Can view permission", "content_type": 2, "codename": "view_permission"}}, {"model": "auth.permission", "pk": 9, "fields": {"name": "Can add group", "content_type": 3, "codename": "add_group"}}, {"model": "auth.permission", "pk": 10, "fields": {"name": "Can change group", "content_type": 3, "codename": "change_group"}}, {"model": "auth.permission", "pk": 11, "fields": {"name": "Can delete group", "content_type": 3, "codename": "delete_group"}}, {"model": "auth.permission", "pk": 12, "fields": {"name": "Can view group", "content_type": 3, "codename": "view_group"}}, {"model": "auth.permission", "pk": 13, "fields": {"name": "Can add user", "content_type": 4, "codename": "add_user"}}, {"model": "auth.permission", "pk": 14, "fields": {"name": "Can change user", "content_type": 4, "codename": "change_user"}}, {"model": "auth.permission", "pk": 15, "fields": {"name": "Can delete user", "content_type": 4, "codename": "delete_user"}}, {"model": "auth.permission", "pk": 16, "fields": {"name": "Can view user", "content_type": 4, "codename": "view_user"}}, {"model": "auth.permission", "pk": 17, "fields": {"name": "Can add content type", "content_type": 5, "codename": "add_contenttype"}}, {"model": "auth.permission", "pk": 18, "fields": {"name": "Can change content type", "content_type": 5, "codename": "change_contenttype"}}, {"model": "auth.permission", "pk": 19, "fields": {"name": "Can delete content type", "content_type": 5, "codename": "delete_contenttype"}}, {"model": "auth.permission", "pk": 20, "fields": {"name": "Can view content type", "content_type": 5, "codename": "view_contenttype"}}, {"model": "auth.permission", "pk": 21, "fields": {"name": "Can add session", "content_type": 6, "codename": "add_session"}}, {"model": "auth.permission", "pk": 22, "fields": {"name": "Can change session", "content_type": 6, "codename": "change_session"}}, {"model": "auth.permission", "pk": 23, "fields": {"name": "Can delete session", "content_type": 6, "codename": "delete_session"}}, {"model": "auth.permission", "pk": 24, "fields": {"name": "Can view session", "content_type": 6, "codename": "view_session"}}, {"model": "auth.permission", "pk": 25, "fields": {"name": "Can add document", "content_type": 7, "codename": "add_document"}}, {"model": "auth.permission", "pk": 26, "fields": {"name": "Can change document", "content_type": 7, "codename": "change_document"}}, {"model": "auth.permission", "pk": 27, "fields": {"name": "Can delete document", "content_type": 7, "codename": "delete_document"}}, {"model": "auth.permission", "pk": 28, "fields": {"name": "Can view document", "content_type": 7, "codename": "view_document"}}, {"model": "auth.permission", "pk": 29, "fields": {"name": "Can add professor preferences", "content_type": 8, "codename": "add_professorpreferences"}}, {"model": "auth.permission", "pk": 30, "fields": {"name": "Can change professor preferences", "content_type": 8, "codename": "change_professorpreferences"}}, {"model": "auth.permission", "pk": 31, "fields": {"name": "Can delete professor preferences", "content_type": 8, "codename": "delete_professorpreferences"}}, {"model": "auth.permission", "pk": 32, "fields": {"name": "Can view professor preferences", "content_type": 8, "codename": "view_professorpreferences"}}, {"model": "auth.permission", "pk": 33, "fields": {"name": "Can add letter", "content_type": 9, "codename": "add_letter"}}, {"model": "auth.permission", "pk": 34, "fields": {"name": "Can change letter", "content_type": 9, "codename": "change_letter"}}, {"model": "auth.permission", "pk": 35, "fields": {"name": "Can delete letter", "content_type": 9, "codename": "delete_letter"}}, {"model": "auth.permission", "pk": 36, "fields": {"name": "Can view letter", "content_type": 9, "codename": "view_letter"}}, {"model": "auth.permission", "pk": 37, "fields": {"name": "Can add letter doc", "content_type": 10, "codename": "add_letterdoc"}}, {"model": "auth.permission", "pk": 38, "fields": {"name": "Can change letter doc", "content_type": 10, "codename": "change_letterdoc"}}, {"model": "auth.permission", "pk": 39, "fields": {"name": "Can delete letter doc", "content_type": 10, "codename": "delete_letterdoc"}}, {"model": "auth.permission", "pk": 40, "fields": {"name": "Can view letter doc", "content_type": 10, "codename": "view_letterdoc"}}, {"model": "auth.permission", "pk": 41, "fields": {"name": "Can add request", "content_type": 11, "codename": "add_request"}}, {"model": "auth.permission", "pk": 42, "fields": {"name": "Can change request", "content_type": 11, "codename": "change_request"}}, {"model": "auth.permission", "pk": 43, "fields": {"name": "Can delete request", "content_type": 11, "codename": "delete_request"}}, {"model": "auth.permission", "pk": 44, "fields": {"name": "Can view request", "content_type": 11, "codename": "view_request"}}, {"model": "auth.group", "pk": 1, "fields": {"name": "Professors", "permissions": []}}, {"model": "auth.group", "pk": 2, "fields": {"name": "Students", "permissions": []}}, {"model": "auth.user", "pk": 1, "fields": {"password": "pbkdf2_sha256$150000$rdgOvdMQjHpk$NeP6f//kvQF2DJOOPdZoYFIwgO4BTQsYKhhkCH9kuME=", "last_login": "2019-04-14T19:05:30.407Z", "is_superuser": true, "username": "root", "first_name": "", "last_name": "", "email": "", "is_staff": true, "is_active": true, "date_joined": "2019-04-06T21:18:49.316Z", "groups": [], "user_permissions": []}}, {"model": "auth.user", "pk": 2, "fields": {"password": "pbkdf2_sha256$150000$AxTARGkTmMdb$2E006tDu1BSEB7TAub0PEQloWTr8K9rRDU7DD0UTDt4=", "last_login": "2019-04-15T23:31:25.421Z", "is_superuser": false, "username": "student", "first_name": "Student", "last_name": "Last", "email": "student@oregonstate.edu", "is_staff": false, "is_active": true, "date_joined": "2019-04-06T21:23:34Z", "groups": [2], "user_permissions": []}}, {"model": "auth.user", "pk": 3, "fields": {"password": "pbkdf2_sha256$150000$8EVWi6nGJFc6$TV9EKKmGFFb6ZH2mAXZ+uh551ItkgLQJBw+33bDi1lo=", "last_login": "2019-04-07T18:35:37Z", "is_superuser": false, "username": "example", "first_name": "Example", "last_name": "User", "email": "usere@oregonstate.edu", "is_staff": false, "is_active": true, "date_joined": "2019-04-06T21:35:32Z", "groups": [], "user_permissions": []}}, {"model": "auth.user", "pk": 4, "fields": {"password": "pbkdf2_sha256$150000$msHGxkFu66Oq$vFBTbohenTlSmvcxsJlR6ZAdtMlDFREAhVSLXXb44io=", "last_login": "2019-04-15T22:50:56.684Z", "is_superuser": true, "username": "matt", "first_name": "Matt", "last_name": "", "email": "", "is_staff": true, "is_active": true, "date_joined": "2019-04-06T21:53:23Z", "groups": [1, 2], "user_permissions": []}}, {"model": "auth.user", "pk": 5, "fields": {"password": "pbkdf2_sha256$150000$EBzMzO7b3cUD$hriNq/iRTXkQJyHL8Sz9tkKOhSFUXu8b+Z8UT0tXulA=", "last_login": "2019-04-15T23:20:47.968Z", "is_superuser": false, "username": "teacher", "first_name": "Teacher", "last_name": "Professor", "email": "teacher@oregonstate.edu", "is_staff": false, "is_active": true, "date_joined": "2019-04-07T17:41:56Z", "groups": [1], "user_permissions": []}}, {"model": "auth.user", "pk": 6, "fields": {"password": "pbkdf2_sha256$150000$sqXMHsvoxTed$golRkSU+zXt4zZ5q5EbB8iGRrdD3VfMGxJarom/ctek=", "last_login": "2019-04-15T23:19:41.214Z", "is_superuser": false, "username": "testuser5", "first_name": "Test", "last_name": "User", "email": "usert@oregonstate.edu", "is_staff": false, "is_active": true, "date_joined": "2019-04-07T19:54:47Z", "groups": [2], "user_permissions": []}}, {"model": "auth.user", "pk": 7, "fields": {"password": "pbkdf2_sha256$150000$yfzr1wSZGaSE$VuY3//eZtBuZXKHxfercdwcDl7boy9xBi6cKuPmrz5o=", "last_login": "2019-04-07T22:38:36.745Z", "is_superuser": false, "username": "testuserdocs", "first_name": "", "last_name": "", "email": "", "is_staff": false, "is_active": true, "date_joined": "2019-04-07T22:25:17.693Z", "groups": [], "user_permissions": []}}, {"model": "auth.user", "pk": 8, "fields": {"password": "pbkdf2_sha256$150000$pRrrgU6ZupoY$B1frXAUTnb/jsZb61XhHeYz8rn0VIeVy1v8JGv75VxE=", "last_login": "2019-04-13T22:03:46.344Z", "is_superuser": false, "username": "professor", "first_name": "Prof", "last_name": "Essor", "email": "essorp@oregonstate.edu", "is_staff": false, "is_active": true, "date_joined": "2019-04-13T20:57:50Z", "groups": [1], "user_permissions": []}}, {"model": "Letter.professorpreferences", "pk": 37, "fields": {"user": 8, "preferred_documents": "jygjyg", "preferred_projects": "kjhkjh"}}, {"model": "Letter.professorpreferences", "pk": 50, "fields": {"user": 2, "preferred_documents": "student", "preferred_projects": "student"}}, {"model": "Letter.professorpreferences", "pk": 53, "fields": {"user": 6, "preferred_documents": "ksehflksjehfjsfn", "preferred_projects": "sdkjsdbvkjSBDv"}}, {"model": "Letter.professorpreferences", "pk": 59, "fields": {"user": 5, "preferred_documents": "a", "preferred_projects": "a"}}, {"model": "Letter.document", "pk": 2, "fields": {"user": 3, "description": "", "document": "user_3/act.txt", "uploaded_at": "2019-04-07T19:50:08.509Z"}}, {"model": "Letter.document", "pk": 3, "fields": {"user": 6, "description": "", "document": "user_6/act.txt", "uploaded_at": "2019-04-07T19:55:00.581Z"}}, {"model": "Letter.document", "pk": 4, "fields": {"user": 6, "description": "", "document": "user_6/Act1.sql", "uploaded_at": "2019-04-07T19:56:08.510Z"}}, {"model": "Letter.document", "pk": 5, "fields": {"user": 7, "description": "", "document": "user_7/Activity1.pdf", "uploaded_at": "2019-04-07T22:35:37.662Z"}}, {"model": "Letter.document", "pk": 6, "fields": {"user": 7, "description": "", "document": "user_7/Act1.sql", "uploaded_at": "2019-04-07T22:36:53.187Z"}}, {"model": "Letter.document", "pk": 7, "fields": {"user": 7, "description": "", "document": "user_7/Group_8_Requirements_Document.tex", "uploaded_at": "2019-04-07T22:38:49.395Z"}}, {"model": "Letter.document", "pk": 8, "fields": {"user": 2, "description": "", "document": "user_2/Activity_1_Lorenzo_Ayala.pdf", "uploaded_at": "2019-04-07T22:38:52.989Z"}}, {"model": "Letter.document", "pk": 9, "fields": {"user": 4, "description": "", "document": "user_4/Group_8_Requirements_Document.tex", "uploaded_at": "2019-04-07T22:39:42.857Z"}}, {"model": "Letter.document", "pk": 10, "fields": {"user": 4, "description": "", "document": "user_4/project.sql", "uploaded_at": "2019-04-07T22:43:00.517Z"}}, {"model": "Letter.document", "pk": 11, "fields": {"user": 6, "description": "", "document": "user_6/myUploads/Activity1.pdf", "uploaded_at": "2019-04-15T18:27:59.973Z"}}, {"model": "Letter.request", "pk": 1, "fields": {"requester": 6, "requestee": 5, "date_initiated": "2019-04-15"}}, {"model": "Letter.request", "pk": 2, "fields": {"requester": 6, "requestee": 5, "date_initiated": "2019-04-15"}}, {"model": "Letter.request", "pk": 3, "fields": {"requester": 6, "requestee": 5, "date_initiated": "2019-04-15"}}, {"model": "Letter.request", "pk": 4, "fields": {"requester": 6, "requestee": 5, "date_initiated": "2019-04-15"}}, {"model": "Letter.request", "pk": 5, "fields": {"requester": 6, "requestee": 8, "date_initiated": "2019-04-15"}}, {"model": "Letter.request", "pk": 6, "fields": {"requester": 6, "requestee": 5, "date_initiated": "2019-04-15"}}, {"model": "Letter.request", "pk": 7, "fields": {"requester": 6, "requestee": 5, "date_initiated": "2019-04-15"}}, {"model": "Letter.request", "pk": 8, "fields": {"requester": 6, "requestee": 5, "date_initiated": "2019-04-15"}}, {"model": "Letter.request", "pk": 9, "fields": {"requester": 6, "requestee": 8, "date_initiated": "2019-04-15"}}, {"model": "Letter.request", "pk": 10, "fields": {"requester": 2, "requestee": 5, "date_initiated": "2019-04-15"}}, {"model": "Letter.request", "pk": 11, "fields": {"requester": 2, "requestee": 8, "date_initiated": "2019-04-15"}}, {"model": "Letter.request", "pk": 12, "fields": {"requester": 6, "requestee": 5, "date_initiated": "2019-04-15"}}, {"model": "Letter.request", "pk": 13, "fields": {"requester": 6, "requestee": 5, "date_initiated": "2019-04-15"}}, {"model": "Letter.request", "pk": 14, "fields": {"requester": 6, "requestee": 5, "date_initiated": "2019-04-15"}}, {"model": "Letter.request", "pk": 15, "fields": {"requester": 2, "requestee": 8, "date_initiated": "2019-04-15"}}, {"model": "Letter.request", "pk": 16, "fields": {"requester": 2, "requestee": 5, "date_initiated": "2019-04-15"}}, {"model": "Letter.request", "pk": 17, "fields": {"requester": 2, "requestee": 8, "date_initiated": "2019-04-15"}}, {"model": "Letter.request", "pk": 18, "fields": {"requester": 2, "requestee": 5, "date_initiated": "2019-04-15"}}, {"model": "Letter.request", "pk": 19, "fields": {"requester": 6, "requestee": 4, "date_initiated": "2019-04-15"}}, {"model": "Letter.request", "pk": 20, "fields": {"requester": 6, "requestee": 4, "date_initiated": "2019-04-15"}}, {"model": "Letter.request", "pk": 21, "fields": {"requester": 6, "requestee": 8, "date_initiated": "2019-04-15"}}, {"model": "Letter.request", "pk": 22, "fields": {"requester": 2, "requestee": 8, "date_initiated": "2019-04-15"}}, {"model": "Letter.request", "pk": 23, "fields": {"requester": 2, "requestee": 5, "date_initiated": "2019-04-15"}}, {"model": "Letter.request", "pk": 24, "fields": {"requester": 6, "requestee": 4, "date_initiated": "2019-04-15"}}, {"model": "Letter.request", "pk": 25, "fields": {"requester": 2, "requestee": 8, "date_initiated": "2019-04-15"}}, {"model": "Letter.request", "pk": 26, "fields": {"requester": 2, "requestee": 5, "date_initiated": "2019-04-15"}}, {"model": "Letter.request", "pk": 27, "fields": {"requester": 2, "requestee": 5, "date_initiated": "2019-04-15"}}, {"model": "Letter.request", "pk": 28, "fields": {"requester": 6, "requestee": 4, "date_initiated": "2019-04-15"}}, {"model": "Letter.request", "pk": 29, "fields": {"requester": 2, "requestee": 5, "date_initiated": "2019-04-15"}}, {"model": "Letter.request", "pk": 30, "fields": {"requester": 2, "requestee": 5, "date_initiated": "2019-04-15"}}, {"model": "Letter.request", "pk": 31, "fields": {"requester": 2, "requestee": 8, "date_initiated": "2019-04-15"}}, {"model": "Letter.request", "pk": 32, "fields": {"requester": 6, "requestee": 8, "date_initiated": "2019-04-15"}}, {"model": "Letter.request", "pk": 33, "fields": {"requester": 6, "requestee": 8, "date_initiated": "2019-04-15"}}, {"model": "Letter.request", "pk": 34, "fields": {"requester": 6, "requestee": 8, "date_initiated": "2019-04-15"}}, {"model": "Letter.request", "pk": 35, "fields": {"requester": 6, "requestee": 8, "date_initiated": "2019-04-15"}}, {"model": "Letter.request", "pk": 36, "fields": {"requester": 2, "requestee": 5, "date_initiated": "2019-04-15"}}, {"model": "Letter.letter", "pk": 1, "fields": {"student": 2, "professor": 5, "date": "2019-04-24", "description": "Lorem ipsum dolor sit amet, consectetur adipiscing elit. Vivamus accumsan suscipit venenatis. Donec porta non elit nec laoreet. Praesent tristique libero vitae malesuada accumsan. Duis sit amet nisi blandit, gravida purus non, sagittis felis. Vivamus laoreet posuere arcu, porttitor blandit quam volutpat id. Cras molestie ipsum quis ligula accumsan, et efficitur lectus congue. Maecenas congue, eros sed porta laoreet, tellus nulla rhoncus urna, quis lacinia justo felis aliquet ligula. Quisque gravida risus et erat blandit laoreet. Nullam elementum nisi et mauris elementum, in congue elit tincidunt. Aliquam dignissim maximus est, eget posuere ex vehicula in. Vestibulum ante ipsum primis in faucibus orci luctus et ultrices posuere cubilia Curae; Proin tincidunt ultricies eleifend. Ut odio tellus, elementum at rutrum et, dapibus sed mi. Vivamus nisl nulla, molestie nec facilisis volutpat, lobortis iaculis justo. Nam nulla dolor, tristique et massa id, ultrices pharetra dui.", "active": true}}, {"model": "Letter.letter", "pk": 2, "fields": {"student": 4, "professor": 5, "date": "2019-05-14", "description": "Lorem ipsum dolor sit amet, consectetur adipiscing elit. Vivamus accumsan suscipit venenatis. Donec porta non elit nec laoreet. Praesent tristique libero vitae malesuada accumsan. Duis sit amet nisi blandit, gravida purus non, sagittis felis. Vivamus laoreet posuere arcu, porttitor blandit quam volutpat id. Cras molestie ipsum quis ligula accumsan, et efficitur lectus congue. Maecenas congue, eros sed porta laoreet, tellus nulla rhoncus urna, quis lacinia justo felis aliquet ligula. Quisque gravida risus et erat blandit laoreet. Nullam elementum nisi et mauris elementum, in congue elit tincidunt. Aliquam dignissim maximus est, eget posuere ex vehicula in. Vestibulum ante ipsum primis in faucibus orci luctus et ultrices posuere cubilia Curae; Proin tincidunt ultricies eleifend. Ut odio tellus, elementum at rutrum et, dapibus sed mi. Vivamus nisl nulla, molestie nec facilisis volutpat, lobortis iaculis justo. Nam nulla dolor, tristique et massa id, ultrices pharetra dui.", "active": true}}, {"model": "Letter.letter", "pk": 3, "fields": {"student": 3, "professor": 5, "date": "2019-04-13", "description": "Lorem ipsum dolor sit amet, consectetur adipiscing elit. Vivamus accumsan suscipit venenatis. Donec porta non elit nec laoreet. Praesent tristique libero vitae malesuada accumsan. Duis sit amet nisi blandit, gravida purus non, sagittis felis. Vivamus laoreet posuere arcu, porttitor blandit quam volutpat id. Cras molestie ipsum quis ligula accumsan, et efficitur lectus congue. Maecenas congue, eros sed porta laoreet, tellus nulla rhoncus urna, quis lacinia justo felis aliquet ligula. Quisque gravida risus et erat blandit laoreet. Nullam elementum nisi et mauris elementum, in congue elit tincidunt. Aliquam dignissim maximus est, eget posuere ex vehicula in. Vestibulum ante ipsum primis in faucibus orci luctus et ultrices posuere cubilia Curae; Proin tincidunt ultricies eleifend. Ut odio tellus, elementum at rutrum et, dapibus sed mi. Vivamus nisl nulla, molestie nec facilisis volutpat, lobortis iaculis justo. Nam nulla dolor, tristique et massa id, ultrices pharetra dui.", "active": true}}, {"model": "Letter.letter", "pk": 4, "fields": {"student": 2, "professor": 8, "date": "2019-04-19", "description": "Lorem ipsum dolor sit amet, consectetur adipiscing elit. Maecenas fermentum feugiat turpis quis finibus. Sed arcu nisi, scelerisque quis aliquet feugiat, pellentesque sit amet est. Proin consectetur, ante in lacinia condimentum, nunc ex mollis sapien, eget maximus erat mi id massa. Sed ultrices felis at ipsum consequat malesuada. Integer tempor purus et tortor dapibus, et pharetra risus vulputate. Integer in arcu pulvinar, feugiat mi fringilla, tempor neque. Mauris est est, porta a turpis ac, posuere aliquam felis. Quisque mattis nisi ac erat fermentum placerat. Ut nisi lectus, posuere id consectetur sit amet, tincidunt at urna.", "active": true}}, {"model": "admin.logentry", "pk": 1, "fields": {"action_time": "2019-04-06T21:23:34.929Z", "user": 1, "content_type": 4, "object_id": "2", "object_repr": "user", "action_flag": 1, "change_message": "[{\"added\": {}}]"}}, {"model": "admin.logentry", "pk": 2, "fields": {"action_time": "2019-04-06T21:25:08.545Z", "user": 1, "content_type": 4, "object_id": "2", "object_repr": "user", "action_flag": 2, "change_message": "[{\"changed\": {\"fields\": [\"is_staff\"]}}]"}}, {"model": "admin.logentry", "pk": 3, "fields": {"action_time": "2019-04-06T21:40:54.926Z", "user": 1, "content_type": 4, "object_id": "2", "object_repr": "user", "action_flag": 2, "change_message": "[{\"changed\": {\"fields\": [\"is_staff\"]}}]"}}, {"model": "admin.logentry", "pk": 4, "fields": {"action_time": "2019-04-06T21:54:16.241Z", "user": 1, "content_type": 4, "object_id": "4", "object_repr": "matt", "action_flag": 2, "change_message": "[{\"changed\": {\"fields\": [\"is_staff\", \"is_superuser\"]}}]"}}, {"model": "admin.logentry", "pk": 5, "fields": {"action_time": "2019-04-06T21:54:54.274Z", "user": 4, "content_type": 4, "object_id": "4", "object_repr": "matt", "action_flag": 2, "change_message": "[{\"changed\": {\"fields\": [\"first_name\"]}}]"}}, {"model": "admin.logentry", "pk": 6, "fields": {"action_time": "2019-04-07T17:35:25.380Z", "user": 1, "content_type": 3, "object_id": "1", "object_repr": "Professors", "action_flag": 1, "change_message": "[{\"added\": {}}]"}}, {"model": "admin.logentry", "pk": 7, "fields": {"action_time": "2019-04-07T17:36:38.425Z", "user": 1, "content_type": 3, "object_id": "2", "object_repr": "Students", "action_flag": 1, "change_message": "[{\"added\": {}}]"}}, {"model": "admin.logentry", "pk": 8, "fields": {"action_time": "2019-04-07T17:40:57.673Z", "user": 1, "content_type": 4, "object_id": "2", "object_repr": "user", "action_flag": 2, "change_message": "[{\"changed\": {\"fields\": [\"first_name\", \"last_name\", \"email\", \"groups\"]}}]"}}, {"model": "admin.logentry", "pk": 9, "fields": {"action_time": "2019-04-07T17:41:56.644Z", "user": 1, "content_type": 4, "object_id": "5", "object_repr": "teacher", "action_flag": 1, "change_message": "[{\"added\": {}}]"}}, {"model": "admin.logentry", "pk": 10, "fields": {"action_time": "2019-04-07T17:42:53.495Z", "user": 1, "content_type": 4, "object_id": "5", "object_repr": "teacher", "action_flag": 2, "change_message": "[{\"changed\": {\"fields\": [\"first_name\", \"last_name\", \"email\", \"groups\"]}}]"}}, {"model": "admin.logentry", "pk": 11, "fields": {"action_time": "2019-04-07T17:48:55.776Z", "user": 4, "content_type": 4, "object_id": "2", "object_repr": "student", "action_flag": 2, "change_message": "[{\"changed\": {\"fields\": [\"username\", \"first_name\", \"email\"]}}]"}}, {"model": "admin.logentry", "pk": 12, "fields": {"action_time": "2019-04-07T17:49:25.842Z", "user": 4, "content_type": 4, "object_id": "5", "object_repr": "teacher", "action_flag": 2, "change_message": "[{\"changed\": {\"fields\": [\"first_name\", \"last_name\"]}}]"}}, {"model": "admin.logentry", "pk": 13, "fields": {"action_time": "2019-04-07T18:58:56.495Z", "user": 4, "content_type": 9, "object_id": "1", "object_repr": "Letter object (1)", "action_flag": 1, "change_message": "[{\"added\": {}}]"}}, {"model": "admin.logentry", "pk": 14, "fields": {"action_time": "2019-04-07T18:59:16.778Z", "user": 4, "content_type": 9, "object_id": "2", "object_repr": "Letter object (2)", "action_flag": 1, "change_message": "[{\"added\": {}}]"}}, {"model": "admin.logentry", "pk": 15, "fields": {"action_time": "2019-04-07T19:59:25.290Z", "user": 4, "content_type": 4, "object_id": "6", "object_repr": "testuser5", "action_flag": 2, "change_message": "[{\"changed\": {\"fields\": [\"first_name\", \"last_name\", \"email\"]}}]"}}, {"model": "admin.logentry", "pk": 16, "fields": {"action_time": "2019-04-07T21:32:03.607Z", "user": 4, "content_type": 9, "object_id": "2", "object_repr": "Letter object (2)", "action_flag": 2, "change_message": "[{\"changed\": {\"fields\": [\"student\"]}}]"}}, {"model": "admin.logentry", "pk": 17, "fields": {"action_time": "2019-04-07T21:32:18.974Z", "user": 4, "content_type": 9, "object_id": "2", "object_repr": "Letter object (2)", "action_flag": 2, "change_message": "[{\"changed\": {\"fields\": [\"student\"]}}]"}}, {"model": "admin.logentry", "pk": 18, "fields": {"action_time": "2019-04-07T21:48:02.374Z", "user": 4, "content_type": 9, "object_id": "2", "object_repr": "Letter object (2)", "action_flag": 2, "change_message": "[{\"changed\": {\"fields\": [\"active\"]}}]"}}, {"model": "admin.logentry", "pk": 19, "fields": {"action_time": "2019-04-07T22:39:23.945Z", "user": 4, "content_type": 4, "object_id": "4", "object_repr": "matt", "action_flag": 2, "change_message": "[{\"changed\": {\"fields\": [\"groups\"]}}]"}}, {"model": "admin.logentry", "pk": 20, "fields": {"action_time": "2019-04-07T22:42:04.087Z", "user": 4, "content_type": 4, "object_id": "4", "object_repr": "matt", "action_flag": 2, "change_message": "[{\"changed\": {\"fields\": [\"groups\"]}}]"}}, {"model": "admin.logentry", "pk": 21, "fields": {"action_time": "2019-04-07T22:42:22.038Z", "user": 4, "content_type": 4, "object_id": "4", "object_repr": "matt", "action_flag": 2, "change_message": "[{\"changed\": {\"fields\": [\"groups\"]}}]"}}, {"model": "admin.logentry", "pk": 22, "fields": {"action_time": "2019-04-13T17:16:45.603Z", "user": 4, "content_type": 9, "object_id": "3", "object_repr": "Letter object (3)", "action_flag": 1, "change_message": "[{\"added\": {}}]"}}, {"model": "admin.logentry", "pk": 23, "fields": {"action_time": "2019-04-13T17:19:02.952Z", "user": 4, "content_type": 4, "object_id": "3", "object_repr": "example", "action_flag": 2, "change_message": "[{\"changed\": {\"fields\": [\"first_name\", \"last_name\", \"email\"]}}]"}}, {"model": "admin.logentry", "pk": 24, "fields": {"action_time": "2019-04-13T17:38:34.878Z", "user": 4, "content_type": 9, "object_id": "3", "object_repr": "Letter object (3)", "action_flag": 2, "change_message": "[{\"changed\": {\"fields\": [\"active\"]}}]"}}, {"model": "admin.logentry", "pk": 25, "fields": {"action_time": "2019-04-13T18:21:51.626Z", "user": 4, "content_type": 9, "object_id": "2", "object_repr": "Letter object (2)", "action_flag": 2, "change_message": "[{\"changed\": {\"fields\": [\"active\"]}}]"}}, {"model": "admin.logentry", "pk": 26, "fields": {"action_time": "2019-04-13T20:33:39.912Z", "user": 4, "content_type": 4, "object_id": "4", "object_repr": "matt", "action_flag": 2, "change_message": "[{\"changed\": {\"fields\": [\"groups\"]}}]"}}, {"model": "admin.logentry", "pk": 27, "fields": {"action_time": "2019-04-13T20:57:50.224Z", "user": 4, "content_type": 4, "object_id": "8", "object_repr": "professor", "action_flag": 1, "change_message": "[{\"added\": {}}]"}}, {"model": "admin.logentry", "pk": 28, "fields": {"action_time": "2019-04-13T20:58:21.812Z", "user": 4, "content_type": 4, "object_id": "8", "object_repr": "professor", "action_flag": 2, "change_message": "[{\"changed\": {\"fields\": [\"first_name\", \"last_name\", \"email\", \"groups\"]}}]"}}, {"model": "admin.logentry", "pk": 29, "fields": {"action_time": "2019-04-13T20:59:57.691Z", "user": 4, "content_type": 9, "object_id": "4", "object_repr": "Letter object (4)", "action_flag": 1, "change_message": "[{\"added\": {}}]"}}, {"model": "admin.logentry", "pk": 30, "fields": {"action_time": "2019-04-13T21:13:20.536Z", "user": 4, "content_type": 9, "object_id": "3", "object_repr": "Letter object (3)", "action_flag": 2, "change_message": "[{\"changed\": {\"fields\": [\"active\"]}}]"}}, {"model": "admin.logentry", "pk": 31, "fields": {"action_time": "2019-04-13T22:01:12.569Z", "user": 4, "content_type": 9, "object_id": "3", "object_repr": "Letter object (3)", "action_flag": 2, "change_message": "[{\"changed\": {\"fields\": [\"active\"]}}]"}}, {"model": "admin.logentry", "pk": 32, "fields": {"action_time": "2019-04-14T19:57:58.524Z", "user": 4, "content_type": 9, "object_id": "3", "object_repr": "Letter object (3)", "action_flag": 2, "change_message": "[{\"changed\": {\"fields\": [\"description\"]}}]"}}, {"model": "admin.logentry", "pk": 33, "fields": {"action_time": "2019-04-14T19:58:05.123Z", "user": 4, "content_type": 9, "object_id": "2", "object_repr": "Letter object (2)", "action_flag": 2, "change_message": "[{\"changed\": {\"fields\": [\"description\"]}}]"}}, {"model": "admin.logentry", "pk": 34, "fields": {"action_time": "2019-04-14T19:58:11.209Z", "user": 4, "content_type": 9, "object_id": "1", "object_repr": "Letter object (1)", "action_flag": 2, "change_message": "[{\"changed\": {\"fields\": [\"description\"]}}]"}}, {"model": "admin.logentry", "pk": 35, "fields": {"action_time": "2019-04-14T21:10:01.520Z", "user": 4, "content_type": 4, "object_id": "6", "object_repr": "testuser5", "action_flag": 2, "change_message": "[{\"changed\": {\"fields\": [\"groups\"]}}]"}}, {"model": "admin.logentry", "pk": 36, "fields": {"action_time": "2019-04-15T22:07:21.125Z", "user": 4, "content_type": 8, "object_id": "37", "object_repr": "ProfessorPreferences object (37)", "action_flag": 2, "change_message": "[{\"changed\": {\"fields\": [\"user\"]}}]"}}, {"model": "admin.logentry", "pk": 37, "fields": {"action_time": "2019-04-15T23:14:42.817Z", "user": 4, "content_type": 11, "object_id": "34", "object_repr": "Request object (34)", "action_flag": 2, "change_message": "[{\"changed\": {\"fields\": [\"requestee\"]}}]"}}, {"model": "admin.logentry", "pk": 38, "fields": {"action_time": "2019-04-15T23:14:48.524Z", "user": 4, "content_type": 11, "object_id": "33", "object_repr": "Request object (33)", "action_flag": 2, "change_message": "[{\"changed\": {\"fields\": [\"requestee\"]}}]"}}, {"model": "admin.logentry", "pk": 39, "fields": {"action_time": "2019-04-15T23:14:54.383Z", "user": 4, "content_type": 11, "object_id": "32", "object_repr": "Request object (32)", "action_flag": 2, "change_message": "[{\"changed\": {\"fields\": [\"requestee\"]}}]"}}]